section,fs_hz,r,theta_rad,center_freq_hz,b0,b1,b2,a0,a1,a2
1,12000000000.000000,0.954026707410,1.845074218917,3523832187.744499,0.910166958451,0.516799876299,1.000000000000,1.000000000000,0.516799876299,0.910166958451
2,12000000000.000000,0.944000735997,1.911650350006,3650983232.001656,0.891137389562,0.631143985928,1.000000000000,1.000000000000,0.631143985928,0.891137389562
3,12000000000.000000,0.935323710146,1.992702241467,3805780942.076387,0.874830442762,0.766030083099,1.000000000000,1.000000000000,0.766030083099,0.874830442762
4,12000000000.000000,0.954575529549,2.068623423582,3950779719.105736,0.911214441615,0.911653052951,1.000000000000,1.000000000000,0.911653052951,0.911214441615
5,12000000000.000000,0.935584794700,2.162339077710,4129763434.299414,0.875318908074,1.043443303803,1.000000000000,1.000000000000,1.043443303803,0.875318908074
6,12000000000.000000,0.935843443289,2.239030500131,4276233261.951487,0.875802950348,1.159698928849,1.000000000000,1.000000000000,1.159698928849,0.875802950348
7,12000000000.000000,0.929843207830,2.308768247995,4409422549.463431,0.864608391148,1.251176291496,1.000000000000,1.000000000000,1.251176291496,0.864608391148
8,12000000000.000000,0.946373735851,2.369011218735,4524478148.422467,0.895623247909,1.355417761361,1.000000000000,1.000000000000,1.355417761361,0.895623247909
