stage,evm_percent,magnitude_only_evm_percent,fitted_delay_samples,gain_real,gain_imag,gain_abs_db,gain_phase_rad
after_h1,11.733268476,1.633122744,17.678978631,3.582351560301e-01,-9.234057005388e-01,-0.083263377,-1.200720926613
after_float_plan_c,2.457536344,1.440120777,31.001527987,9.993454007712e-01,3.198365165105e-03,-0.005643154,0.003200449257
