stage,evm_percent,magnitude_only_evm_percent,fitted_delay_samples,gain_real,gain_imag,gain_abs_db,gain_phase_rad
after_h1,11.733268476,1.633122744,17.678978631,3.582351560301e-01,-9.234057005388e-01,-0.083263377,-1.200720926613
after_l1_08_fixed_fir,11.551005618,0.232999286,49.178978631,3.582496684643e-01,-9.264143619772e-01,-0.058648777,-1.201802867647
after_l1_08_fixed_fir_plus_l1_09_iir_allpass,3.396712746,2.263454391,117.769529010,2.838928636412e-01,-9.575181622840e-01,-0.011148787,-1.282564446930
